ROYAL STORE SHOPIFY x JDA INTEGRATION - TIMELINE,,,,,,,,,,
,,,,,,,,,,
Start Date:,January 10 2026,,,,,,,,,,
Target Completion:,May 9 2026,,,,,,,,,,
Duration:,17 weeks,,,,,,,,,,
,,,,,,,,,,
,,,,,,,,,,
PHASE TIMELINE,,,,,,,,,,
Phase,Description,Duration,Start Date,End Date,Week Range,Status
1,Foundation & Setup,1 week,Jan 10 2026,Jan 17 2026,Week 1,Complete
2,JDA Database Connection,2 weeks,Jan 20 2026,Jan 31 2026,Weeks 2-3,Pending
3,Store Locations Module,2 weeks,Feb 3 2026,Feb 14 2026,Weeks 4-5,Pending
4,Products Module,3 weeks,Feb 17 2026,Mar 7 2026,Weeks 6-8,Pending
5,Inventory Module,3 weeks,Mar 10 2026,Mar 28 2026,Weeks 9-11,Pending
6,User Registration Module,2 weeks,Mar 31 2026,Apr 11 2026,Weeks 12-13,Pending
7,Shopify Theme Updates,1 week,Apr 14 2026,Apr 18 2026,Week 14,Pending
8,Sync Management & Dashboard,1 week,Apr 21 2026,Apr 25 2026,Week 15,Pending
9,Testing & Go-Live,2 weeks,Apr 28 2026,May 9 2026,Weeks 16-17,Pending
,,,,,,,,,,
,,,,,,,,,,
PHASE 1 PROGRESS (Foundation & Setup),,,,,,,,,,
Date,Task,Status,,,,,,,
Jan 2 2026,Laravel project initial setup - PHP 8.2 configuration,Done,,,,,,,
Jan 3 2026,Laravel bootstrap - environment configuration - APP_KEY,Done,,,,,,,
Jan 4 2026,Database setup - command loader fixes - seeders,Done,,,,,,,
Jan 6 2026,Application branding (RWRI Portal) - sidebar menu,Done,,,,,,,
Jan 11 2026,Web Stores module setup - database migrations - models,Done,,,,,,,
,,,,,,,,,,
,,,,,,,,,,
GANTT VIEW,,,,,,,,,,
Phase,Description,W1,W2,W3,W4,W5,W6,W7,W8,W9,W10,W11,W12,W13,W14,W15,W16,W17
1,Foundation & Setup (In Progress),■,,,,,,,,,,,,,,,
2,JDA Database Connection,,■,■,,,,,,,,,,,,,,
3,Store Locations Module,,,,■,■,,,,,,,,,,,
4,Products Module,,,,,,■,■,■,,,,,,,,
5,Inventory Module,,,,,,,,,■,■,■,,,,,
6,User Registration Module,,,,,,,,,,,,■,■,,,
7,Shopify Theme Updates,,,,,,,,,,,,,,■,,
8,Sync Dashboard,,,,,,,,,,,,,,,■,
9,Testing & Go-Live,,,,,,,,,,,,,,,,■,■
,,,,,,,,,,
,,,,,,,,,,
NOTES,,,,,,,,,,
- Timeline already considers other concurrent tasks including Shopify theme feature requests and maintenance for joelsplace.com and royalstore.com.au
- Weekly progress may vary based on support requests and urgent fixes for both stores
- This timeline is dedicated specifically to the JDA integration project deliverables
